Bread,Butter,Dairy
Nachos,Butter,Dairy
Juice,Jam,Egg
Juice,Jam,Egg
Juice,Vegetable,Salad
Bread,Butter,Egg
Nachos,Salsa,Dairy
Bread,Jam,Egg
Juice,Jam,Egg
Fruits,Vegetable,Salad
Bread,Butter,Egg
Bread,Butter,Egg
Nachos,Salsa,Dairy
Juice,Jam,Egg
Juice,Jam,Egg
Nachos,Salsa,Egg
Nachos,Salsa,Dairy
Bread,Butter,Egg
Bread,Jam,Dairy
Bread,Butter,Egg
Juice,Jam,Egg
Bread,Butter,Egg
Bread,Jam,Dairy
Juice,Jam,Egg
Juice,Jam,Egg
Juice,Vegetable,Salad
Juice,Jam,Egg
Bread,Jam,Dairy
Juice,Vegetable,Salad
Juice,Jam,Egg
Bread,Butter,Egg
Juice,Jam,Egg
Fruits,Vegetable,Salad
Bread,Butter,Egg
Bread,Butter,Egg
Bread,Jam,Dairy
Fruits,Vegetable,Salad
Bread,Butter,Dairy
Juice,Jam,Egg
Bread,Jam,Dairy
Bread,Jam,Dairy
Bread,Jam,Dairy
Nachos,Salsa,Dairy
Nachos,Salsa,Dairy
Fruits,Vegetable,Salad
Juice,Jam,Egg
Juice,Jam,Egg
Bread,Butter,Egg
Bread,Jam,Dairy
Juice,Vegetable,Salad
Bread,Jam,Dairy
Fruits,Vegetable,Salad
Fruits,Vegetable,Salad
Nachos,Salsa,Dairy
Bread,Jam,Egg
Juice,Jam,Egg
Fruits,Vegetable,Salad
Fruits,Vegetable,Salad
Bread,Butter,Egg
Bread,Jam,Dairy
Nachos,Butter,Dairy
Bread,Butter,Egg
Nachos,Salsa,Egg
Fruits,Jam,Salad
Bread,Butter,Egg
Bread,Jam,Egg
Nachos,Salsa,Egg
Nachos,Salsa,Egg
Juice,Vegetable,Egg
Bread,Butter,Egg
Fruits,Vegetable,Salad
Juice,Vegetable,Salad
Juice,Vegetable,Salad
Nachos,Salsa,Dairy
Nachos,Salsa,Dairy
Juice,Jam,Egg
Bread,Butter,Egg
Juice,Jam,Egg
Bread,Butter,Egg
Bread,Butter,Egg
Fruits,Vegetable,Salad
Nachos,Salsa,Dairy
Nachos,Salsa,Dairy
Nachos,Salsa,Egg
Juice,Jam,Egg
Bread,Butter,Egg
Bread,Butter,Egg
Juice,Jam,Egg
Bread,Jam,Dairy
Nachos,Butter,Dairy
Juice,Jam,Egg
Nachos,Salsa,Dairy
Bread,Jam,Dairy
Bread,Butter,Dairy
Bread,Butter,Egg
Bread,Butter,Egg
Bread,Jam,Egg
Juice,Jam,Egg
Bread,Butter,Egg
Juice,Jam,Egg
Nachos,Salsa,Egg
Bread,Butter,Dairy
Bread,Butter,Egg
Nachos,Salsa,Dairy
Nachos,Salsa,Egg
Juice,Jam,Egg
Bread,Butter,Egg
Juice,Jam,Egg
Fruits,Vegetable,Salad
Nachos,Salsa,Egg
Nachos,Salsa,Dairy
Juice,Jam,Egg
Juice,Jam,Egg
Juice,Jam,Egg
Juice,Jam,Egg
Nachos,Salsa,Egg
Juice,Jam,Egg
Bread,Butter,Egg
Fruits,Vegetable,Salad
Nachos,Salsa,Egg
Bread,Jam,Dairy
Juice,Jam,Egg
Bread,Butter,Egg
Nachos,Salsa,Egg
Fruits,Vegetable,Salad
Bread,Butter,Egg
Nachos,Salsa,Egg
Juice,Jam,Egg
Fruits,Vegetable,Salad
Fruits,Vegetable,Salad
Bread,Butter,Egg
Bread,Butter,Egg
Bread,Jam,Egg
Bread,Butter,Egg
Bread,Butter,Dairy
Bread,Jam,Dairy
Bread,Jam,Dairy
Bread,Jam,Dairy
Nachos,Salsa,Egg
Nachos,Salsa,Dairy
Juice,Jam,Egg
Juice,Jam,Egg
Bread,Butter,Egg
Bread,Jam,Dairy
Juice,Jam,Egg
Fruits,Vegetable,Salad
Nachos,Salsa,Egg
Fruits,Vegetable,Salad
Fruits,Vegetable,Salad
Nachos,Salsa,Egg
Bread,Jam,Dairy
Bread,Butter,Egg
Bread,Butter,Egg
Bread,Butter,Egg
Bread,Butter,Egg
Fruits,Vegetable,Salad
Fruits,Vegetable,Salad
Nachos,Salsa,Egg
Juice,Jam,Egg
Nachos,Salsa,Dairy
Bread,Jam,Egg
Bread,Jam,Egg
Bread,Butter,Egg
Bread,Butter,Egg
Nachos,Salsa,Dairy
Fruits,Vegetable,Salad
Fruits,Vegetable,Salad
Juice,Jam,Egg
Juice,Jam,Egg
Fruits,Vegetable,Salad
Nachos,Salsa,Dairy
Bread,Butter,Egg
Bread,Butter,Egg
Juice,Jam,Egg
Bread,Butter,Egg
Juice,Jam,Egg
Juice,Jam,Egg
Bread,Jam,Dairy
Bread,Butter,Egg
Juice,Jam,Egg
Fruits,Vegetable,Salad
Fruits,Vegetable,Salad
Fruits,Jam,Salad
Nachos,Salsa,Dairy
Nachos,Salsa,Egg
Nachos,Salsa,Egg
Juice,Jam,Egg
Fruits,Vegetable,Salad
Nachos,Salsa,Egg
Juice,Jam,Egg
Bread,Jam,Dairy
Nachos,Salsa,Egg
Bread,Jam,Dairy
Juice,Vegetable,Salad
Bread,Jam,Egg
Juice,Jam,Egg
Nachos,Salsa,Dairy
Nachos,Salsa,Egg
Bread,Butter,Egg
Bread,Jam,Dairy
Bread,Jam,Dairy
Juice,Jam,Egg
Fruits,Vegetable,Salad
Bread,Butter,Egg
Fruits,Vegetable,Salad
Fruits,Vegetable,Salad
Bread,Butter,Egg
Nachos,Salsa,Dairy
Juice,Vegetable,Salad
Juice,Vegetable,Salad
Bread,Butter,Egg
Nachos,Salsa,Egg
Juice,Vegetable,Salad
Bread,Butter,Egg
Nachos,Salsa,Egg
Juice,Jam,Egg
Fruits,Vegetable,Salad
Bread,Butter,Egg
Nachos,Salsa,Egg
Bread,Jam,Egg
Bread,Salsa,Dairy
Nachos,Salsa,Egg
Fruits,Vegetable,Salad
Bread,Jam,Dairy
Juice,Jam,Egg
Bread,Butter,Egg
Bread,Butter,Egg
Nachos,Salsa,Dairy
Bread,Jam,Dairy
Bread,Butter,Dairy
Bread,Jam,Dairy
Juice,Vegetable,Salad
Fruits,Vegetable,Salad
Bread,Butter,Egg
Bread,Butter,Egg
Nachos,Salsa,Dairy
Nachos,Salsa,Egg
Bread,Butter,Egg
Juice,Jam,Egg
Bread,Jam,Dairy
Juice,Vegetable,Salad
Nachos,Butter,Dairy
Fruits,Vegetable,Salad
Bread,Butter,Egg
Juice,Jam,Egg
Bread,Jam,Dairy
Fruits,Vegetable,Salad
Bread,Jam,Dairy
Juice,Jam,Egg
Nachos,Butter,Dairy
Juice,Jam,Egg
Fruits,Vegetable,Salad
Bread,Butter,Egg
Bread,Butter,Egg
Bread,Jam,Dairy
Juice,Vegetable,Salad
Bread,Butter,Egg
Nachos,Salsa,Egg
Nachos,Salsa,Egg
Nachos,Salsa,Egg
Bread,Butter,Egg
Bread,Butter,Egg
Juice,Vegetable,Salad
Juice,Jam,Egg
Nachos,Salsa,Dairy
Fruits,Vegetable,Salad
Bread,Butter,Egg
Bread,Butter,Egg
Nachos,Butter,Dairy
Nachos,Salsa,Egg
Nachos,Salsa,Egg
Bread,Butter,Egg
Bread,Butter,Egg
Juice,Vegetable,Salad
Nachos,Salsa,Dairy
Fruits,Vegetable,Salad
Nachos,Salsa,Egg
Juice,Jam,Egg
Nachos,Butter,Dairy
Bread,Jam,Egg
Fruits,Vegetable,Salad
Fruits,Vegetable,Salad
Juice,Jam,Egg
Juice,Jam,Egg
Nachos,Salsa,Dairy
Bread,Jam,Egg
Juice,Vegetable,Salad
Fruits,Vegetable,Salad
Bread,Butter,Egg
Fruits,Jam,Salad
Bread,Butter,Egg
Juice,Jam,Egg
Nachos,Butter,Dairy
Nachos,Butter,Dairy
Bread,Butter,Egg
Juice,Jam,Egg
Bread,Butter,Egg
Juice,Jam,Egg
Nachos,Salsa,Egg
Juice,Vegetable,Egg
Bread,Butter,Egg
Nachos,Butter,Dairy
Juice,Jam,Egg
Juice,Jam,Egg
Nachos,Salsa,Egg
Bread,Jam,Dairy
Nachos,Salsa,Egg
Juice,Jam,Egg
Nachos,Salsa,Egg
Juice,Jam,Egg
Bread,Jam,Dairy
Bread,Jam,Egg
Juice,Vegetable,Egg
Bread,Butter,Egg
Bread,Butter,Egg
Bread,Jam,Dairy
Juice,Jam,Egg
Bread,Butter,Egg
Nachos,Butter,Dairy
Fruits,Vegetable,Salad
Nachos,Salsa,Egg
Nachos,Salsa,Dairy
Bread,Butter,Egg
Juice,Jam,Egg
Fruits,Vegetable,Salad
Nachos,Salsa,Egg
Juice,Jam,Egg
Bread,Salsa,Dairy
Nachos,Butter,Dairy
Bread,Jam,Dairy
Fruits,Vegetable,Salad
Bread,Butter,Egg
Nachos,Salsa,Egg
Fruits,Vegetable,Salad
Nachos,Salsa,Dairy
Nachos,Butter,Dairy
Bread,Butter,Egg
Nachos,Butter,Dairy
Juice,Jam,Egg
Juice,Jam,Egg
Nachos,Salsa,Egg
Fruits,Vegetable,Salad
Bread,Butter,Egg
Bread,Jam,Egg
Bread,Butter,Egg
Nachos,Salsa,Dairy
Bread,Jam,Egg
Bread,Butter,Dairy
Nachos,Salsa,Egg
Juice,Jam,Egg
Bread,Butter,Egg
Juice,Jam,Egg
Fruits,Vegetable,Salad
Juice,Jam,Egg
Fruits,Vegetable,Salad
Nachos,Butter,Dairy
Bread,Jam,Dairy
Bread,Jam,Dairy
Bread,Butter,Egg
Bread,Butter,Egg
Fruits,Vegetable,Salad
Fruits,Vegetable,Salad
Bread,Jam,Dairy
Fruits,Vegetable,Salad
Nachos,Butter,Dairy
Fruits,Vegetable,Salad
Bread,Salsa,Dairy
Nachos,Butter,Dairy
Bread,Jam,Egg
Bread,Jam,Dairy
Bread,Butter,Egg
Nachos,Salsa,Dairy
Fruits,Vegetable,Salad
Nachos,Salsa,Egg
Bread,Jam,Dairy
Nachos,Butter,Dairy
Juice,Jam,Egg
Juice,Jam,Egg
Fruits,Vegetable,Salad
Bread,Butter,Egg
Bread,Butter,Egg
Bread,Butter,Egg
Bread,Butter,Egg
Fruits,Vegetable,Salad
Fruits,Vegetable,Salad
Bread,Butter,Egg
Bread,Jam,Dairy
Juice,Jam,Egg
Bread,Butter,Egg
Bread,Jam,Dairy
Nachos,Butter,Dairy
Bread,Jam,Dairy
Bread,Butter,Egg
Bread,Jam,Egg
Bread,Butter,Egg
Bread,Butter,Egg
Nachos,Salsa,Egg
Bread,Jam,Dairy
Juice,Vegetable,Salad
Fruits,Vegetable,Salad
Bread,Butter,Egg
Fruits,Vegetable,Salad
Fruits,Vegetable,Salad
Bread,Butter,Egg
Bread,Butter,Egg
Bread,Butter,Egg
Bread,Butter,Egg
Nachos,Butter,Dairy
Juice,Jam,Egg
Bread,Butter,Egg
Bread,Jam,Egg
Juice,Jam,Egg
Bread,Butter,Egg
Nachos,Salsa,Dairy
Fruits,Vegetable,Salad
Nachos,Salsa,Dairy
Nachos,Salsa,Egg
Juice,Jam,Egg
Bread,Butter,Egg
Nachos,Salsa,Egg
Juice,Jam,Egg
Bread,Butter,Egg
Fruits,Vegetable,Salad
Nachos,Salsa,Egg
Bread,Butter,Egg
Nachos,Salsa,Egg
Juice,Vegetable,Salad
Juice,Jam,Egg
Juice,Jam,Egg
Bread,Jam,Egg
Juice,Jam,Egg
Nachos,Salsa,Egg
Juice,Jam,Egg
Bread,Butter,Egg
Bread,Butter,Egg
Bread,Butter,Egg
Nachos,Salsa,Dairy
Juice,Jam,Egg
Nachos,Salsa,Egg
Juice,Jam,Egg
Nachos,Salsa,Egg
Nachos,Butter,Dairy
Bread,Jam,Egg
Bread,Butter,Egg
Juice,Jam,Egg
Nachos,Salsa,Egg
Fruits,Vegetable,Salad
Bread,Jam,Dairy
Juice,Jam,Egg
Fruits,Vegetable,Salad
Bread,Butter,Egg
Juice,Jam,Egg
Bread,Jam,Dairy
Fruits,Vegetable,Salad
Nachos,Salsa,Dairy
Bread,Jam,Egg
Juice,Jam,Egg
Bread,Butter,Egg
Juice,Jam,Egg
Juice,Jam,Egg
Nachos,Butter,Dairy
Fruits,Vegetable,Salad
Fruits,Vegetable,Salad
Bread,Salsa,Dairy
Nachos,Butter,Dairy
Fruits,Vegetable,Salad
Nachos,Salsa,Dairy
Nachos,Salsa,Dairy
Nachos,Butter,Dairy
Juice,Jam,Egg
Bread,Butter,Egg
Bread,Butter,Egg
Nachos,Salsa,Dairy
Juice,Jam,Egg
Nachos,Salsa,Egg
Bread,Jam,Egg
Bread,Butter,Egg
Juice,Vegetable,Salad
Nachos,Salsa,Egg
Juice,Jam,Egg
Fruits,Jam,Salad
Fruits,Vegetable,Salad
Nachos,Salsa,Egg
Juice,Jam,Egg
Bread,Butter,Egg
Nachos,Salsa,Dairy
Juice,Vegetable,Egg
Bread,Butter,Dairy
Nachos,Salsa,Egg
Fruits,Vegetable,Salad
Juice,Jam,Egg
Fruits,Vegetable,Salad
Fruits,Vegetable,Salad
Nachos,Salsa,Egg
Juice,Jam,Egg
Fruits,Vegetable,Salad
Bread,Butter,Egg
Bread,Butter,Egg
Juice,Jam,Egg
Bread,Jam,Dairy
Nachos,Salsa,Dairy
Bread,Jam,Dairy
Bread,Jam,Dairy
Juice,Jam,Egg
Juice,Jam,Egg
Juice,Jam,Egg
Bread,Jam,Dairy
Juice,Jam,Egg
Bread,Jam,Egg
Nachos,Salsa,Egg
Juice,Jam,Egg
Bread,Butter,Egg
Bread,Butter,Egg
Nachos,Salsa,Dairy
Juice,Jam,Egg
Juice,Vegetable,Salad
Nachos,Salsa,Dairy
Nachos,Salsa,Egg
Bread,Jam,Dairy
Fruits,Vegetable,Salad
Bread,Jam,Dairy
Bread,Butter,Egg
Fruits,Vegetable,Salad
Bread,Butter,Egg
Juice,Jam,Egg
Nachos,Salsa,Egg
Bread,Jam,Dairy
Juice,Jam,Egg
Nachos,Salsa,Egg
Fruits,Vegetable,Salad
Juice,Vegetable,Salad
Fruits,Vegetable,Salad
Bread,Jam,Dairy
Juice,Jam,Egg
Fruits,Vegetable,Salad
Nachos,Salsa,Dairy
Bread,Jam,Dairy
Nachos,Salsa,Egg
Fruits,Vegetable,Salad
Bread,Butter,Egg
Fruits,Vegetable,Salad
Juice,Jam,Egg
Fruits,Vegetable,Salad
Nachos,Salsa,Egg
Juice,Jam,Egg
Fruits,Vegetable,Salad
Bread,Jam,Egg
Nachos,Salsa,Egg
Nachos,Butter,Dairy
Nachos,Salsa,Egg
Bread,Jam,Egg
Bread,Jam,Egg
Fruits,Vegetable,Salad
Bread,Butter,Egg
Bread,Butter,Egg
Bread,Butter,Egg
Bread,Butter,Egg
Nachos,Salsa,Egg
Nachos,Salsa,Egg
Fruits,Vegetable,Salad
Bread,Butter,Egg
Nachos,Salsa,Dairy
Juice,Jam,Egg
Juice,Jam,Egg
Juice,Jam,Egg
Fruits,Vegetable,Salad
Bread,Butter,Egg
Juice,Vegetable,Salad
Fruits,Vegetable,Salad
Bread,Butter,Dairy
Nachos,Butter,Dairy
Juice,Vegetable,Salad
Bread,Butter,Egg
Bread,Jam,Egg
Juice,Jam,Egg
Nachos,Salsa,Dairy
Fruits,Vegetable,Salad
Fruits,Vegetable,Salad
Nachos,Salsa,Egg
Bread,Butter,Egg
Nachos,Salsa,Egg
Juice,Jam,Egg
Juice,Jam,Egg
Bread,Butter,Egg
Bread,Butter,Egg
Nachos,Salsa,Egg
Bread,Jam,Egg
Juice,Jam,Egg
Bread,Butter,Egg
Bread,Butter,Egg
Fruits,Vegetable,Salad
Nachos,Salsa,Dairy
Nachos,Salsa,Egg
Bread,Butter,Egg
Juice,Vegetable,Salad
Fruits,Vegetable,Salad
Bread,Butter,Egg
Bread,Butter,Egg
Juice,Jam,Egg
Bread,Salsa,Dairy
Bread,Jam,Egg
Fruits,Vegetable,Salad
Nachos,Salsa,Dairy
Fruits,Jam,Salad
Nachos,Salsa,Egg
Juice,Jam,Egg
Fruits,Vegetable,Salad
Juice,Jam,Egg
Bread,Butter,Egg
Bread,Jam,Egg
Juice,Jam,Egg
Fruits,Vegetable,Salad
Nachos,Salsa,Egg
Fruits,Vegetable,Salad
Bread,Butter,Egg
Fruits,Vegetable,Salad
Nachos,Salsa,Egg
Fruits,Vegetable,Salad
Juice,Jam,Egg
Nachos,Salsa,Dairy
Nachos,Salsa,Dairy
Bread,Jam,Dairy
Bread,Jam,Dairy
Fruits,Vegetable,Salad
Bread,Jam,Egg
Bread,Jam,Dairy
Fruits,Vegetable,Salad
Juice,Jam,Egg
Bread,Butter,Egg
Bread,Butter,Egg
Bread,Butter,Egg
Nachos,Salsa,Egg
Bread,Jam,Dairy
Fruits,Jam,Salad
Fruits,Vegetable,Salad
Bread,Jam,Dairy
Bread,Jam,Dairy
Fruits,Vegetable,Salad
Nachos,Salsa,Egg
Bread,Jam,Dairy
Fruits,Vegetable,Salad
Nachos,Salsa,Egg
Bread,Butter,Egg
Nachos,Salsa,Egg
Juice,Jam,Egg
Juice,Vegetable,Salad
Bread,Jam,Dairy
Bread,Butter,Dairy
Juice,Jam,Egg
Nachos,Salsa,Egg
Nachos,Salsa,Egg
Juice,Jam,Egg
Fruits,Vegetable,Salad
Juice,Jam,Egg
Juice,Jam,Egg
Fruits,Vegetable,Salad
Juice,Vegetable,Salad
Juice,Jam,Egg
Juice,Jam,Egg
Bread,Butter,Egg
Fruits,Vegetable,Salad
Fruits,Vegetable,Salad
Bread,Butter,Egg
Juice,Jam,Egg
Nachos,Salsa,Egg
Nachos,Salsa,Egg
Juice,Jam,Egg
Bread,Butter,Egg
Bread,Butter,Egg
Nachos,Salsa,Dairy
Nachos,Butter,Dairy
Bread,Butter,Dairy
Fruits,Vegetable,Salad
Fruits,Vegetable,Salad
Bread,Jam,Egg
Nachos,Salsa,Egg
Nachos,Salsa,Dairy
Juice,Jam,Egg
Nachos,Salsa,Egg
Fruits,Vegetable,Salad
Bread,Butter,Egg
Bread,Jam,Dairy
Juice,Vegetable,Salad
Fruits,Vegetable,Salad
Bread,Butter,Egg
Juice,Jam,Egg
Bread,Jam,Dairy
Bread,Jam,Egg
Juice,Jam,Egg
Fruits,Jam,Salad
Nachos,Salsa,Egg
Fruits,Vegetable,Salad
Juice,Jam,Egg
Juice,Jam,Egg
Fruits,Vegetable,Salad
Nachos,Salsa,Egg
Bread,Butter,Egg
Juice,Jam,Egg
Juice,Vegetable,Salad
Fruits,Vegetable,Salad
Bread,Jam,Egg
Juice,Jam,Egg
Nachos,Salsa,Egg
Nachos,Salsa,Dairy
Juice,Jam,Egg
Juice,Vegetable,Salad
Fruits,Vegetable,Salad
Bread,Butter,Egg
Bread,Butter,Egg
Fruits,Vegetable,Salad
Bread,Jam,Egg
Fruits,Vegetable,Salad
Juice,Jam,Egg
Bread,Jam,Egg
Fruits,Vegetable,Salad
Bread,Jam,Dairy
Nachos,Salsa,Dairy
Juice,Jam,Egg
Fruits,Vegetable,Salad
Fruits,Vegetable,Salad
Fruits,Vegetable,Salad
Bread,Jam,Egg
Bread,Butter,Egg
Bread,Butter,Egg
Fruits,Vegetable,Salad
Bread,Butter,Egg
Fruits,Vegetable,Salad
Bread,Jam,Egg
Bread,Butter,Egg
Fruits,Vegetable,Salad
Bread,Butter,Egg
Nachos,Salsa,Egg
Fruits,Jam,Salad
Nachos,Salsa,Egg
Nachos,Salsa,Egg
Juice,Jam,Egg
Nachos,Salsa,Egg
Bread,Jam,Dairy
Bread,Butter,Egg
Bread,Jam,Egg
Bread,Butter,Egg
Juice,Jam,Egg
Nachos,Salsa,Egg
Juice,Jam,Egg
Nachos,Salsa,Egg
Nachos,Salsa,Dairy
Nachos,Salsa,Egg
Juice,Jam,Egg
Bread,Jam,Egg
Juice,Jam,Egg
Bread,Jam,Egg
Fruits,Vegetable,Salad
Nachos,Salsa,Egg
Fruits,Jam,Salad
Bread,Butter,Egg
Nachos,Salsa,Egg
Bread,Butter,Egg
Bread,Butter,Egg
Juice,Jam,Egg
Juice,Vegetable,Salad
Nachos,Salsa,Egg
Bread,Salsa,Dairy
Nachos,Salsa,Dairy
Bread,Butter,Egg
Juice,Jam,Egg
Bread,Butter,Egg
Bread,Butter,Egg
Nachos,Butter,Dairy
Bread,Jam,Dairy
Bread,Butter,Egg
Bread,Butter,Egg
Bread,Butter,Egg
Fruits,Vegetable,Salad
Fruits,Vegetable,Salad
Bread,Butter,Egg
Bread,Butter,Egg
Bread,Butter,Egg
Nachos,Butter,Dairy
Fruits,Vegetable,Salad
Juice,Jam,Egg
Juice,Jam,Egg
Nachos,Salsa,Dairy
Bread,Jam,Egg
Fruits,Vegetable,Salad
Juice,Jam,Egg
Fruits,Vegetable,Salad
Bread,Butter,Egg
Nachos,Salsa,Dairy
Bread,Jam,Dairy
Bread,Butter,Egg
Bread,Jam,Dairy
Nachos,Butter,Dairy
Bread,Jam,Egg
Bread,Butter,Egg
Nachos,Salsa,Egg
Fruits,Vegetable,Salad
Fruits,Vegetable,Salad
Nachos,Salsa,Egg
Bread,Butter,Egg
Bread,Butter,Egg
Bread,Butter,Dairy
Fruits,Vegetable,Salad
Bread,Jam,Egg
Juice,Jam,Egg
Nachos,Salsa,Egg
Nachos,Salsa,Egg
Juice,Jam,Egg
Bread,Butter,Egg
Bread,Butter,Egg
Bread,Butter,Egg
Bread,Butter,Egg
Bread,Jam,Dairy
Fruits,Vegetable,Salad
Fruits,Jam,Salad
Bread,Jam,Egg
Juice,Vegetable,Salad
Nachos,Salsa,Egg
Nachos,Salsa,Egg
Fruits,Vegetable,Salad
Fruits,Vegetable,Salad
Bread,Butter,Egg
Bread,Jam,Dairy
Bread,Jam,Dairy
Juice,Jam,Egg
Nachos,Salsa,Dairy
Bread,Butter,Egg
Juice,Jam,Egg
Fruits,Vegetable,Salad
Bread,Butter,Egg
Juice,Vegetable,Salad
Bread,Butter,Egg
Fruits,Vegetable,Salad
Nachos,Salsa,Egg
Juice,Jam,Egg
Nachos,Salsa,Dairy
Fruits,Vegetable,Salad
Fruits,Vegetable,Salad
Juice,Jam,Egg
Nachos,Salsa,Egg
Fruits,Vegetable,Salad
Bread,Jam,Egg
Fruits,Vegetable,Salad
Juice,Jam,Egg
Nachos,Salsa,Dairy
Fruits,Vegetable,Salad
Bread,Butter,Egg
Nachos,Salsa,Egg
Fruits,Vegetable,Salad
Juice,Jam,Egg
Nachos,Salsa,Egg
Bread,Jam,Egg
Bread,Salsa,Dairy
Fruits,Vegetable,Salad
Juice,Jam,Egg
Bread,Butter,Egg
Fruits,Vegetable,Salad
Nachos,Salsa,Egg
Fruits,Vegetable,Salad
Fruits,Vegetable,Salad
Fruits,Vegetable,Salad
Juice,Jam,Egg
Nachos,Salsa,Egg
Juice,Jam,Egg
Nachos,Butter,Dairy
Juice,Vegetable,Salad
Juice,Jam,Egg
Bread,Butter,Egg
Bread,Butter,Egg
Bread,Jam,Egg
Fruits,Vegetable,Salad
Bread,Butter,Egg
Juice,Jam,Egg
Fruits,Vegetable,Salad
Bread,Butter,Egg
Fruits,Vegetable,Salad
Bread,Jam,Egg
Juice,Jam,Egg
Nachos,Salsa,Dairy
Juice,Vegetable,Salad
Bread,Butter,Egg
Nachos,Butter,Dairy
Juice,Vegetable,Salad
Juice,Jam,Egg
Bread,Butter,Egg
Bread,Butter,Egg
Nachos,Salsa,Dairy
Juice,Jam,Egg
Bread,Jam,Egg
Juice,Jam,Egg
Juice,Jam,Egg
Fruits,Vegetable,Salad
Nachos,Salsa,Dairy
Juice,Jam,Egg
Fruits,Vegetable,Salad
Bread,Butter,Dairy
Bread,Butter,Egg
Fruits,Vegetable,Salad
Fruits,Vegetable,Salad
Fruits,Vegetable,Salad
Nachos,Butter,Dairy
Nachos,Salsa,Dairy
Juice,Jam,Egg
Nachos,Salsa,Egg
Nachos,Salsa,Dairy
Bread,Butter,Egg
Nachos,Butter,Dairy
Juice,Vegetable,Egg
Fruits,Vegetable,Salad
Nachos,Salsa,Egg
Nachos,Butter,Dairy
Bread,Butter,Egg
Nachos,Salsa,Egg
Nachos,Butter,Dairy
Bread,Salsa,Dairy
Bread,Jam,Dairy
Bread,Jam,Egg
Nachos,Butter,Dairy
Bread,Jam,Dairy
Bread,Butter,Egg
Bread,Butter,Egg
Nachos,Salsa,Egg
Nachos,Salsa,Dairy
Bread,Butter,Egg
Bread,Jam,Dairy
Juice,Vegetable,Salad
Fruits,Vegetable,Salad
Bread,Jam,Egg
Fruits,Vegetable,Salad
Juice,Jam,Egg
Bread,Butter,Egg
Bread,Jam,Egg
Juice,Jam,Egg
Juice,Jam,Egg
Juice,Jam,Egg
Bread,Butter,Dairy
Bread,Butter,Egg
Juice,Jam,Egg
Juice,Jam,Egg
Bread,Butter,Egg
Juice,Jam,Egg
Bread,Jam,Dairy
Nachos,Salsa,Egg
Fruits,Vegetable,Salad
Fruits,Vegetable,Salad
Nachos,Salsa,Dairy
Nachos,Salsa,Dairy
Bread,Jam,Dairy
Nachos,Salsa,Dairy
Nachos,Salsa,Egg
Nachos,Salsa,Egg
Fruits,Vegetable,Salad
Bread,Butter,Egg
Bread,Jam,Dairy
Nachos,Salsa,Dairy
Nachos,Salsa,Dairy
Bread,Butter,Egg
Bread,Butter,Egg
Bread,Jam,Dairy
Juice,Vegetable,Salad
Bread,Butter,Dairy
Bread,Jam,Dairy
Bread,Jam,Egg
Juice,Jam,Egg
Fruits,Vegetable,Salad
Fruits,Jam,Salad
Nachos,Salsa,Egg
Fruits,Jam,Salad
Bread,Jam,Dairy
Juice,Vegetable,Salad
Nachos,Salsa,Egg
Fruits,Vegetable,Salad
Fruits,Jam,Salad
Juice,Jam,Egg
Fruits,Vegetable,Salad
Juice,Jam,Egg
Fruits,Vegetable,Salad
Juice,Jam,Egg
Fruits,Vegetable,Salad
Bread,Butter,Egg
Juice,Vegetable,Egg
Bread,Jam,Dairy
Juice,Jam,Egg
Fruits,Vegetable,Salad
Bread,Butter,Egg
Nachos,Butter,Dairy
Bread,Jam,Egg
Bread,Butter,Egg
Bread,Jam,Dairy
Fruits,Vegetable,Salad
Nachos,Salsa,Egg
Juice,Jam,Egg
Fruits,Vegetable,Salad
Bread,Butter,Dairy
Nachos,Butter,Dairy
Bread,Jam,Dairy
Bread,Butter,Egg
Juice,Jam,Egg
Nachos,Salsa,Egg
Nachos,Salsa,Dairy
Fruits,Vegetable,Salad
Juice,Jam,Egg
Nachos,Salsa,Dairy
Nachos,Salsa,Egg
Juice,Jam,Egg
Juice,Jam,Egg
Nachos,Salsa,Dairy
Juice,Jam,Egg
Juice,Jam,Egg
Juice,Jam,Egg
Nachos,Salsa,Dairy
Nachos,Butter,Dairy
Juice,Jam,Egg
Juice,Jam,Egg
Bread,Jam,Dairy
Juice,Jam,Egg
Bread,Butter,Egg
Bread,Butter,Dairy
Nachos,Salsa,Egg
Juice,Vegetable,Egg
Nachos,Salsa,Egg
Nachos,Salsa,Dairy
Bread,Jam,Dairy
Juice,Jam,Egg
Juice,Jam,Egg
Fruits,Vegetable,Salad
Bread,Jam,Egg
Bread,Butter,Dairy
Juice,Jam,Egg
Bread,Butter,Egg
Nachos,Salsa,Egg
Bread,Jam,Dairy
Bread,Butter,Egg
Nachos,Salsa,Dairy
Fruits,Vegetable,Salad
Bread,Jam,Dairy
Juice,Jam,Egg
Fruits,Vegetable,Salad
Bread,Jam,Dairy
Juice,Jam,Egg
Juice,Jam,Egg
Nachos,Salsa,Dairy
Bread,Butter,Egg
Juice,Jam,Egg
Bread,Jam,Dairy
Fruits,Jam,Salad
Nachos,Salsa,Egg
Nachos,Salsa,Egg
Juice,Jam,Egg
Juice,Jam,Egg
Fruits,Vegetable,Salad
Fruits,Vegetable,Salad
Fruits,Vegetable,Salad
Bread,Jam,Egg
Fruits,Vegetable,Salad
Nachos,Butter,Dairy
Bread,Butter,Egg
Bread,Butter,Egg
Nachos,Salsa,Egg
Fruits,Vegetable,Salad
Nachos,Salsa,Egg
Nachos,Salsa,Egg
Juice,Jam,Egg
Fruits,Vegetable,Salad
Bread,Butter,Egg
Bread,Jam,Dairy
Juice,Jam,Egg
Bread,Butter,Egg
Juice,Jam,Egg
Nachos,Salsa,Egg
Nachos,Salsa,Dairy
Bread,Butter,Egg
Juice,Jam,Egg
Bread,Jam,Dairy
Bread,Jam,Egg
Juice,Jam,Egg
Bread,Salsa,Dairy
Bread,Butter,Egg
Juice,Jam,Egg
Nachos,Salsa,Egg
Juice,Jam,Egg
Nachos,Salsa,Egg
Bread,Butter,Egg
Bread,Butter,Egg
Nachos,Salsa,Dairy
Juice,Jam,Egg
Fruits,Vegetable,Salad
Fruits,Vegetable,Salad
Nachos,Butter,Dairy
Fruits,Vegetable,Salad
Bread,Jam,Egg
Juice,Jam,Egg
Bread,Butter,Egg
Juice,Vegetable,Salad
Bread,Butter,Egg
Juice,Jam,Egg
Fruits,Vegetable,Salad
Fruits,Vegetable,Salad
Nachos,Salsa,Egg
Nachos,Butter,Dairy
Fruits,Vegetable,Salad
Bread,Jam,Dairy
Nachos,Salsa,Egg
Juice,Jam,Egg
Bread,Butter,Egg
Nachos,Salsa,Dairy
Fruits,Vegetable,Salad
Nachos,Salsa,Dairy
Juice,Vegetable,Egg
Juice,Jam,Egg
Juice,Vegetable,Salad
Juice,Jam,Egg
Nachos,Salsa,Dairy
Bread,Jam,Dairy
Juice,Jam,Egg
Fruits,Vegetable,Salad
Bread,Jam,Dairy
Bread,Jam,Dairy
Nachos,Salsa,Dairy
Juice,Jam,Egg
Bread,Butter,Egg
Juice,Vegetable,Salad
Bread,Jam,Dairy
Nachos,Salsa,Egg
Bread,Butter,Egg
Bread,Jam,Dairy
Juice,Jam,Egg
Bread,Butter,Egg
Bread,Jam,Dairy
Juice,Jam,Egg
Juice,Jam,Egg
Bread,Jam,Egg
Nachos,Salsa,Egg
Bread,Jam,Egg
Juice,Jam,Egg
Fruits,Vegetable,Salad
Bread,Butter,Egg
Nachos,Salsa,Dairy
Bread,Butter,Egg
Bread,Butter,Egg
Juice,Jam,Egg
Nachos,Salsa,Dairy
Bread,Jam,Dairy
Nachos,Salsa,Dairy
Nachos,Butter,Dairy
Fruits,Vegetable,Salad
Bread,Butter,Egg
Nachos,Salsa,Egg
Bread,Jam,Egg
Fruits,Vegetable,Salad
Juice,Jam,Egg
Nachos,Salsa,Egg
Juice,Jam,Egg
Fruits,Vegetable,Salad
Bread,Butter,Egg
Bread,Jam,Egg
Juice,Vegetable,Salad
Bread,Butter,Egg
Juice,Jam,Egg
Bread,Butter,Egg
Nachos,Salsa,Egg
Bread,Butter,Egg
Nachos,Salsa,Egg
Juice,Jam,Egg
Fruits,Vegetable,Salad
Bread,Butter,Dairy
Fruits,Vegetable,Salad
Bread,Butter,Egg
Bread,Butter,Egg
Nachos,Salsa,Egg
Fruits,Vegetable,Salad
Fruits,Vegetable,Salad
Bread,Jam,Egg
Juice,Jam,Egg
Fruits,Vegetable,Salad
Bread,Butter,Egg
Bread,Butter,Egg
Bread,Butter,Egg
Nachos,Salsa,Egg
Bread,Salsa,Dairy
Nachos,Salsa,Egg
Nachos,Salsa,Dairy
Fruits,Vegetable,Salad
Nachos,Salsa,Egg
Juice,Jam,Egg
Juice,Jam,Egg
Bread,Butter,Egg
Nachos,Salsa,Egg
Juice,Jam,Egg
Bread,Jam,Egg
Juice,Vegetable,Salad
Bread,Butter,Egg
Fruits,Vegetable,Salad
Bread,Jam,Egg
Juice,Jam,Egg
Fruits,Vegetable,Salad
Bread,Butter,Dairy
Juice,Vegetable,Salad
Fruits,Vegetable,Salad
Fruits,Vegetable,Salad
Juice,Jam,Egg
Fruits,Vegetable,Salad
Bread,Jam,Egg
Juice,Jam,Egg
Juice,Vegetable,Egg
Bread,Butter,Egg
Fruits,Vegetable,Salad
Fruits,Vegetable,Salad
Fruits,Vegetable,Salad
Fruits,Vegetable,Salad
Bread,Jam,Dairy
Bread,Butter,Egg
Bread,Butter,Egg
Bread,Jam,Egg
Bread,Jam,Egg
Nachos,Butter,Dairy
Fruits,Vegetable,Salad
Fruits,Vegetable,Salad
Juice,Jam,Egg
Nachos,Salsa,Egg
Juice,Jam,Egg
Nachos,Salsa,Egg
Juice,Jam,Egg
Juice,Jam,Egg
Juice,Jam,Egg
Bread,Butter,Egg
Bread,Butter,Egg
Bread,Salsa,Dairy
Bread,Jam,Egg
Juice,Jam,Egg
Juice,Jam,Egg
Bread,Butter,Egg
Juice,Jam,Egg
Fruits,Vegetable,Salad
Juice,Vegetable,Salad
Nachos,Salsa,Egg
Bread,Salsa,Dairy
Bread,Butter,Egg
Bread,Butter,Egg
Juice,Jam,Egg
Fruits,Vegetable,Salad
Fruits,Vegetable,Salad
Bread,Butter,Egg
Juice,Jam,Egg
Nachos,Salsa,Dairy
Juice,Jam,Egg
Fruits,Vegetable,Salad
Bread,Jam,Dairy
Nachos,Salsa,Dairy
Bread,Jam,Egg
Juice,Jam,Egg
Juice,Jam,Egg
Nachos,Salsa,Egg
Nachos,Salsa,Egg
Bread,Jam,Egg
Juice,Jam,Egg
Fruits,Vegetable,Salad
Nachos,Butter,Dairy
Nachos,Salsa,Dairy
Fruits,Vegetable,Salad
Bread,Butter,Egg
Juice,Jam,Egg
Bread,Jam,Egg
Juice,Jam,Egg
Fruits,Vegetable,Salad
Bread,Butter,Egg
Nachos,Salsa,Dairy
Juice,Jam,Egg
Bread,Butter,Dairy
Nachos,Salsa,Egg
Bread,Jam,Dairy
Juice,Vegetable,Salad
Fruits,Vegetable,Salad
Juice,Jam,Egg
Juice,Jam,Egg
Nachos,Salsa,Dairy
Nachos,Butter,Dairy
Bread,Jam,Egg
Nachos,Salsa,Egg
Nachos,Salsa,Dairy
Nachos,Salsa,Egg
Juice,Jam,Egg
Bread,Butter,Dairy
Juice,Jam,Egg
Juice,Jam,Egg
Nachos,Salsa,Egg
Fruits,Vegetable,Salad
Fruits,Vegetable,Salad
Fruits,Vegetable,Salad
Bread,Jam,Dairy
Nachos,Salsa,Dairy
Bread,Butter,Dairy
Juice,Jam,Egg
Nachos,Salsa,Egg
Bread,Butter,Egg
Bread,Butter,Egg
Bread,Butter,Egg
Bread,Salsa,Dairy
Juice,Jam,Egg
Juice,Jam,Egg
Juice,Jam,Egg
Nachos,Salsa,Egg
Juice,Jam,Egg
Nachos,Salsa,Dairy
Nachos,Butter,Dairy
Fruits,Vegetable,Salad
Bread,Butter,Egg
Bread,Butter,Egg
Bread,Butter,Dairy
Bread,Jam,Egg
Bread,Jam,Egg
Bread,Butter,Egg
Bread,Butter,Egg
Fruits,Vegetable,Salad
Nachos,Salsa,Dairy
Bread,Butter,Egg
Juice,Jam,Egg
Juice,Jam,Egg
Bread,Jam,Dairy
Fruits,Vegetable,Salad
Nachos,Salsa,Dairy
Juice,Jam,Egg
Juice,Jam,Egg
Bread,Jam,Dairy
Bread,Jam,Dairy
Bread,Butter,Egg
Nachos,Salsa,Egg
Juice,Jam,Egg
Juice,Jam,Egg
Bread,Jam,Egg
Juice,Jam,Egg
Juice,Jam,Egg
Bread,Butter,Dairy
Nachos,Salsa,Dairy
Fruits,Vegetable,Salad
Bread,Jam,Egg
Fruits,Vegetable,Salad
Nachos,Salsa,Egg
Juice,Jam,Egg
Nachos,Salsa,Egg
Bread,Jam,Dairy
Nachos,Salsa,Egg
Fruits,Vegetable,Salad
Nachos,Salsa,Egg
Nachos,Salsa,Dairy
Nachos,Salsa,Egg
Fruits,Vegetable,Salad
Bread,Jam,Dairy
Bread,Butter,Egg
Bread,Jam,Egg
Fruits,Vegetable,Salad
Bread,Butter,Egg
Juice,Jam,Egg
Fruits,Jam,Salad
Bread,Butter,Egg
Bread,Butter,Egg
Nachos,Salsa,Egg
Bread,Jam,Egg
Juice,Jam,Egg
Fruits,Vegetable,Salad
Juice,Jam,Egg
Bread,Jam,Dairy
Bread,Salsa,Dairy
Nachos,Salsa,Egg
Nachos,Salsa,Egg
Fruits,Vegetable,Salad
Bread,Jam,Egg
Bread,Jam,Dairy
Bread,Jam,Dairy
Nachos,Salsa,Egg
Nachos,Salsa,Egg
Bread,Butter,Egg
Nachos,Salsa,Egg
Fruits,Vegetable,Salad
Fruits,Vegetable,Salad
Bread,Jam,Egg
Bread,Butter,Egg
Bread,Butter,Egg
Nachos,Salsa,Dairy
Nachos,Salsa,Egg
Juice,Vegetable,Salad
Bread,Butter,Egg
Fruits,Vegetable,Salad
Fruits,Vegetable,Salad
Nachos,Salsa,Egg
Juice,Jam,Egg
Bread,Butter,Dairy
Juice,Jam,Egg
Fruits,Vegetable,Salad
Juice,Vegetable,Salad
Juice,Vegetable,Salad
Bread,Butter,Egg
Bread,Jam,Egg
Bread,Jam,Egg
Fruits,Jam,Salad
Bread,Butter,Egg
Fruits,Vegetable,Salad
Fruits,Vegetable,Salad
Fruits,Jam,Salad
Nachos,Salsa,Dairy
Juice,Jam,Egg
Bread,Jam,Dairy
Juice,Jam,Egg
Bread,Salsa,Dairy
Fruits,Vegetable,Salad
Nachos,Salsa,Egg
Nachos,Salsa,Dairy
Bread,Butter,Egg
Juice,Jam,Egg
Fruits,Vegetable,Salad
Bread,Butter,Egg
Nachos,Salsa,Egg
Juice,Jam,Egg
Bread,Butter,Egg
Bread,Jam,Dairy
Bread,Jam,Egg
Nachos,Salsa,Egg
Juice,Jam,Egg
Fruits,Vegetable,Salad
Bread,Butter,Egg
Nachos,Salsa,Egg
Juice,Jam,Egg
Nachos,Salsa,Dairy
Juice,Vegetable,Egg
Bread,Butter,Egg
Fruits,Vegetable,Salad
Fruits,Vegetable,Salad
Juice,Vegetable,Salad
Nachos,Salsa,Egg
Bread,Butter,Egg
Bread,Butter,Egg
Juice,Vegetable,Salad
Fruits,Vegetable,Salad
Bread,Jam,Dairy
Juice,Vegetable,Salad
Nachos,Salsa,Egg
Nachos,Salsa,Egg
Juice,Jam,Egg
Juice,Jam,Egg
Juice,Jam,Egg
Bread,Butter,Egg
Fruits,Vegetable,Salad
Bread,Butter,Egg
Juice,Vegetable,Salad
Bread,Butter,Egg
Bread,Butter,Egg
Fruits,Vegetable,Salad
Fruits,Vegetable,Salad
Nachos,Salsa,Dairy
Nachos,Salsa,Dairy
Bread,Butter,Egg
Juice,Jam,Egg
Fruits,Vegetable,Salad
Juice,Jam,Egg
Juice,Jam,Egg
Fruits,Vegetable,Salad
Bread,Jam,Egg
Juice,Jam,Egg
Juice,Jam,Egg
Bread,Jam,Dairy
Juice,Jam,Egg
Juice,Vegetable,Salad
Fruits,Vegetable,Salad
Bread,Butter,Egg
Nachos,Salsa,Egg
Nachos,Salsa,Egg
Bread,Butter,Egg
Juice,Jam,Egg
Nachos,Salsa,Egg
Juice,Vegetable,Salad
Fruits,Vegetable,Salad
Nachos,Salsa,Egg
Juice,Jam,Egg
Bread,Jam,Egg
Juice,Jam,Egg
Juice,Jam,Egg
Bread,Jam,Dairy
Fruits,Vegetable,Salad
Juice,Vegetable,Salad
Fruits,Vegetable,Salad
Bread,Butter,Egg
Bread,Jam,Dairy
Juice,Jam,Egg
Nachos,Salsa,Egg
Bread,Butter,Egg
Juice,Vegetable,Salad
Nachos,Salsa,Egg
Fruits,Vegetable,Salad
Fruits,Vegetable,Salad
Bread,Butter,Egg
Nachos,Salsa,Dairy
Juice,Jam,Egg
Juice,Jam,Egg
Nachos,Salsa,Egg
Nachos,Salsa,Egg
Juice,Jam,Egg
Bread,Butter,Egg
Nachos,Salsa,Dairy
Bread,Jam,Egg
Juice,Jam,Egg
Fruits,Vegetable,Salad
Fruits,Vegetable,Salad
Fruits,Vegetable,Salad
Bread,Butter,Dairy
Juice,Jam,Egg
Bread,Butter,Egg
Nachos,Salsa,Dairy
Nachos,Salsa,Egg
Nachos,Butter,Dairy
Bread,Butter,Egg
Nachos,Butter,Dairy
Fruits,Vegetable,Salad
Juice,Jam,Egg
Juice,Jam,Egg
Juice,Jam,Egg
Fruits,Vegetable,Salad
Bread,Butter,Egg
Fruits,Vegetable,Salad
Nachos,Salsa,Egg
Bread,Butter,Egg
Juice,Jam,Egg
Juice,Jam,Egg
Juice,Jam,Egg
Bread,Jam,Dairy
Fruits,Vegetable,Salad
Juice,Vegetable,Salad
Nachos,Salsa,Egg
Bread,Salsa,Dairy
Nachos,Salsa,Dairy
Nachos,Butter,Dairy
Bread,Jam,Dairy
Juice,Jam,Egg
Juice,Jam,Egg
Nachos,Salsa,Egg
Bread,Butter,Egg
Nachos,Salsa,Egg
Juice,Jam,Egg
Bread,Butter,Egg
Bread,Butter,Egg
Fruits,Vegetable,Salad
Juice,Jam,Egg
Nachos,Salsa,Egg
Juice,Jam,Egg
Nachos,Salsa,Dairy
Juice,Jam,Egg
Fruits,Vegetable,Salad
Fruits,Vegetable,Salad
Bread,Butter,Egg
Nachos,Salsa,Egg
Bread,Butter,Egg
Juice,Jam,Egg
Fruits,Vegetable,Salad
Bread,Jam,Dairy
Bread,Butter,Egg
Fruits,Vegetable,Salad
Nachos,Salsa,Egg
Juice,Jam,Egg
Fruits,Vegetable,Salad
Fruits,Vegetable,Salad
Fruits,Vegetable,Salad
Nachos,Salsa,Egg
Nachos,Salsa,Egg
Bread,Jam,Egg
Juice,Jam,Egg
Nachos,Salsa,Egg
Bread,Butter,Egg
Juice,Jam,Egg
Bread,Jam,Egg
Bread,Butter,Egg
Bread,Butter,Egg
Juice,Jam,Egg
Juice,Vegetable,Salad
Fruits,Vegetable,Salad
Juice,Jam,Egg
Bread,Butter,Egg
Nachos,Salsa,Dairy
Juice,Vegetable,Salad
Fruits,Vegetable,Salad
Juice,Jam,Egg
Juice,Jam,Egg
Fruits,Vegetable,Salad
Bread,Jam,Egg
Bread,Butter,Egg
Juice,Jam,Egg
Bread,Butter,Dairy
Juice,Vegetable,Salad
Fruits,Vegetable,Salad
Nachos,Salsa,Egg
Fruits,Vegetable,Salad
Nachos,Salsa,Egg
Nachos,Salsa,Egg
Bread,Butter,Egg
Fruits,Vegetable,Salad
Bread,Jam,Dairy
Juice,Jam,Egg
Juice,Vegetable,Salad
Fruits,Vegetable,Salad
Nachos,Salsa,Dairy
Nachos,Salsa,Egg
Bread,Jam,Egg
Fruits,Vegetable,Salad
Nachos,Salsa,Dairy
Bread,Jam,Dairy
Bread,Butter,Egg
Bread,Butter,Egg
Nachos,Salsa,Egg
Bread,Jam,Egg
Bread,Butter,Egg
Fruits,Vegetable,Salad
Juice,Jam,Egg
Juice,Vegetable,Salad
Bread,Jam,Egg
Fruits,Vegetable,Salad
Juice,Vegetable,Salad
Juice,Jam,Egg
Juice,Jam,Egg
Bread,Butter,Egg
Bread,Butter,Egg
Juice,Jam,Egg
Bread,Jam,Egg
Fruits,Vegetable,Salad
Fruits,Vegetable,Salad
Fruits,Jam,Salad
Nachos,Salsa,Egg
Nachos,Salsa,Egg
Fruits,Vegetable,Salad
Bread,Butter,Egg
Bread,Butter,Egg
Juice,Vegetable,Salad
Juice,Jam,Egg
Bread,Butter,Egg
Nachos,Salsa,Dairy
Juice,Jam,Egg
Bread,Butter,Dairy
Nachos,Butter,Dairy
Bread,Butter,Egg
Fruits,Vegetable,Salad
Bread,Butter,Egg
Fruits,Vegetable,Salad
Bread,Jam,Egg
Fruits,Vegetable,Salad
Nachos,Butter,Dairy
Juice,Vegetable,Egg
Bread,Jam,Egg
Juice,Jam,Egg
Juice,Jam,Egg
Fruits,Jam,Salad
Juice,Jam,Egg
Fruits,Vegetable,Salad
Bread,Butter,Egg
Nachos,Salsa,Egg
Bread,Jam,Dairy
Nachos,Butter,Dairy
Nachos,Salsa,Egg
Bread,Butter,Dairy
Bread,Butter,Egg
Nachos,Salsa,Dairy
Juice,Vegetable,Salad
Nachos,Salsa,Dairy
Fruits,Vegetable,Salad
Fruits,Vegetable,Salad
Nachos,Butter,Dairy
Bread,Butter,Egg
Bread,Butter,Egg
Bread,Butter,Dairy
Nachos,Salsa,Dairy
Juice,Jam,Egg
Bread,Butter,Egg
Juice,Vegetable,Salad
Bread,Butter,Egg
Bread,Butter,Egg
Nachos,Salsa,Egg
Fruits,Vegetable,Salad
Bread,Jam,Dairy
Fruits,Vegetable,Salad
Juice,Jam,Egg
Bread,Butter,Egg
Bread,Butter,Dairy
Nachos,Salsa,Dairy
Juice,Jam,Egg
Bread,Butter,Egg
Fruits,Vegetable,Salad
Bread,Butter,Egg
Bread,Jam,Egg
Nachos,Salsa,Egg
Juice,Vegetable,Salad
Juice,Jam,Egg
Bread,Butter,Egg
Nachos,Salsa,Dairy
Bread,Jam,Egg
Juice,Jam,Egg
Juice,Jam,Egg
Bread,Butter,Egg
Juice,Jam,Egg
Nachos,Salsa,Dairy
Bread,Butter,Egg
Juice,Jam,Egg
Bread,Butter,Egg
Juice,Jam,Egg
Bread,Butter,Egg
Juice,Jam,Egg
Bread,Butter,Egg
Nachos,Salsa,Egg
Bread,Butter,Egg
Bread,Jam,Dairy
Juice,Vegetable,Salad
Bread,Jam,Dairy
Bread,Jam,Dairy
Juice,Jam,Egg
Juice,Jam,Egg
Fruits,Vegetable,Salad
Nachos,Salsa,Egg
Juice,Jam,Egg
Bread,Butter,Egg
Fruits,Vegetable,Salad
Bread,Butter,Egg
Juice,Jam,Egg
Bread,Butter,Egg
Fruits,Vegetable,Salad
Nachos,Salsa,Egg
Juice,Jam,Egg
Juice,Vegetable,Salad
Bread,Butter,Egg
Nachos,Salsa,Egg
Juice,Jam,Egg
Juice,Jam,Egg
Fruits,Jam,Salad
Nachos,Butter,Dairy
Juice,Jam,Egg
Nachos,Salsa,Egg
Bread,Butter,Egg
Juice,Vegetable,Salad
Nachos,Butter,Dairy
Bread,Jam,Egg
Bread,Jam,Egg
Bread,Jam,Dairy
Nachos,Salsa,Egg
Bread,Jam,Egg
Juice,Jam,Egg
Bread,Butter,Egg
Fruits,Vegetable,Salad
Bread,Jam,Dairy
Bread,Jam,Egg
Juice,Jam,Egg
Bread,Butter,Egg
Nachos,Salsa,Egg
Bread,Jam,Egg
Juice,Vegetable,Salad
Bread,Butter,Egg
Juice,Jam,Egg
Fruits,Vegetable,Salad
Juice,Jam,Egg
Bread,Jam,Dairy
Nachos,Salsa,Egg
Bread,Jam,Dairy
Fruits,Vegetable,Salad
Nachos,Salsa,Dairy
Bread,Butter,Egg
Nachos,Salsa,Dairy
Nachos,Salsa,Egg
Juice,Jam,Egg
Bread,Butter,Egg
Juice,Jam,Egg
Juice,Jam,Egg
Nachos,Salsa,Dairy
Nachos,Salsa,Egg
Bread,Jam,Dairy
Bread,Butter,Egg
Juice,Jam,Egg
Fruits,Vegetable,Salad
Bread,Butter,Dairy
Juice,Jam,Egg
Juice,Jam,Egg
Fruits,Vegetable,Salad
Bread,Butter,Egg
Fruits,Vegetable,Salad
Bread,Butter,Egg
Bread,Butter,Dairy
Nachos,Salsa,Dairy
Nachos,Salsa,Egg
Fruits,Vegetable,Salad
Fruits,Vegetable,Salad
Bread,Butter,Egg
Nachos,Salsa,Dairy
Fruits,Vegetable,Salad
Bread,Butter,Egg
Juice,Jam,Egg
Bread,Butter,Egg
Juice,Jam,Egg
Fruits,Vegetable,Salad
Fruits,Vegetable,Salad
Nachos,Salsa,Dairy
Fruits,Vegetable,Salad
Juice,Jam,Egg
Bread,Butter,Egg
Bread,Butter,Dairy
Fruits,Vegetable,Salad
Fruits,Vegetable,Salad
Nachos,Salsa,Egg
Bread,Butter,Egg
Nachos,Butter,Dairy
Nachos,Butter,Dairy
Fruits,Vegetable,Salad
Fruits,Vegetable,Salad
Bread,Butter,Egg
Bread,Butter,Egg
Fruits,Vegetable,Salad
Bread,Butter,Egg
Bread,Butter,Egg
Nachos,Salsa,Egg
Juice,Jam,Egg
Bread,Jam,Egg
Fruits,Vegetable,Salad
Bread,Butter,Dairy
Nachos,Salsa,Dairy
Fruits,Vegetable,Salad
Bread,Butter,Egg
Fruits,Vegetable,Salad
Juice,Jam,Egg
Bread,Butter,Egg
Juice,Jam,Egg
Bread,Jam,Egg
Bread,Butter,Egg
Bread,Butter,Egg
Bread,Jam,Dairy
Bread,Butter,Egg
Fruits,Vegetable,Salad
Bread,Butter,Egg
Bread,Butter,Egg
Fruits,Vegetable,Salad
Fruits,Vegetable,Salad
Fruits,Vegetable,Salad
Bread,Butter,Egg
Bread,Butter,Egg
Juice,Vegetable,Egg
Juice,Jam,Egg
Bread,Jam,Egg
Juice,Jam,Egg
Fruits,Vegetable,Salad
Bread,Butter,Egg
Juice,Jam,Egg
Bread,Jam,Dairy
Fruits,Vegetable,Salad
Bread,Salsa,Dairy
Bread,Jam,Dairy
Nachos,Salsa,Dairy
Juice,Jam,Egg
Fruits,Vegetable,Salad
Juice,Vegetable,Egg
Fruits,Vegetable,Salad
Bread,Butter,Egg
Bread,Butter,Egg
Bread,Butter,Egg
Bread,Jam,Dairy
Juice,Jam,Egg
Bread,Butter,Egg
Juice,Jam,Egg
Juice,Jam,Egg
Nachos,Butter,Dairy
Bread,Jam,Egg
Bread,Butter,Egg
Nachos,Salsa,Egg
Juice,Jam,Egg
Juice,Jam,Egg
Bread,Jam,Egg
Nachos,Salsa,Dairy
Bread,Butter,Egg
Bread,Butter,Egg
Bread,Butter,Dairy
Bread,Butter,Egg
Bread,Jam,Dairy
Juice,Jam,Egg
Bread,Butter,Egg
Nachos,Salsa,Egg
Bread,Jam,Dairy
Nachos,Salsa,Egg
Juice,Jam,Egg
Bread,Butter,Egg
Fruits,Vegetable,Salad
Fruits,Vegetable,Salad
Nachos,Salsa,Dairy
Nachos,Salsa,Egg
Fruits,Vegetable,Salad
Nachos,Salsa,Dairy
Juice,Jam,Egg
Fruits,Jam,Salad
Juice,Vegetable,Salad
Juice,Jam,Egg
Fruits,Vegetable,Salad
Bread,Butter,Egg
Nachos,Salsa,Egg
Bread,Butter,Egg
Nachos,Butter,Dairy
Bread,Butter,Egg
Fruits,Vegetable,Salad
Juice,Vegetable,Salad
Fruits,Vegetable,Salad
Juice,Jam,Egg
Bread,Butter,Egg
Bread,Butter,Egg
Fruits,Vegetable,Salad
Fruits,Vegetable,Salad
Juice,Jam,Egg
Bread,Butter,Egg
Bread,Butter,Dairy
Fruits,Vegetable,Salad
Fruits,Jam,Salad
Juice,Jam,Egg
Bread,Jam,Dairy
Bread,Butter,Egg
Fruits,Vegetable,Salad
Nachos,Salsa,Egg
Nachos,Salsa,Egg
Juice,Jam,Egg
Juice,Jam,Egg
Bread,Butter,Egg
Nachos,Salsa,Egg
Juice,Jam,Egg
Nachos,Salsa,Dairy
Fruits,Vegetable,Salad
Bread,Jam,Dairy
Bread,Butter,Egg
Bread,Jam,Dairy
Juice,Jam,Egg
Fruits,Vegetable,Salad
Bread,Butter,Dairy
Nachos,Salsa,Egg
Juice,Jam,Egg
Fruits,Vegetable,Salad
Nachos,Salsa,Dairy
Nachos,Salsa,Egg
Bread,Butter,Egg
Fruits,Jam,Salad
Bread,Butter,Egg
Juice,Jam,Egg
Juice,Vegetable,Salad
Nachos,Salsa,Egg
Fruits,Jam,Salad
Nachos,Salsa,Egg
Bread,Jam,Dairy
Bread,Jam,Egg
Fruits,Vegetable,Salad
Bread,Butter,Egg
Nachos,Butter,Dairy
Nachos,Butter,Dairy
Juice,Jam,Egg
Nachos,Salsa,Dairy
Bread,Jam,Egg
Bread,Jam,Egg
Juice,Jam,Egg
Juice,Jam,Egg
Juice,Jam,Egg
Fruits,Vegetable,Salad
Nachos,Salsa,Dairy
Nachos,Salsa,Dairy
Bread,Jam,Egg
Fruits,Vegetable,Salad
Juice,Jam,Egg
Fruits,Vegetable,Salad
Bread,Butter,Egg
Bread,Butter,Egg
Bread,Butter,Egg
Nachos,Salsa,Dairy
Nachos,Salsa,Dairy
Nachos,Salsa,Dairy
Juice,Jam,Egg
Fruits,Vegetable,Salad
Nachos,Salsa,Dairy
Nachos,Butter,Dairy
Juice,Jam,Egg
Bread,Butter,Egg
Bread,Butter,Dairy
Juice,Jam,Egg
Nachos,Salsa,Dairy
Fruits,Vegetable,Salad
Bread,Butter,Egg
Juice,Jam,Egg
Fruits,Vegetable,Salad
Bread,Butter,Egg
Juice,Jam,Egg
Nachos,Salsa,Dairy
Nachos,Salsa,Egg
Juice,Jam,Egg
Juice,Jam,Egg
Juice,Jam,Egg
Juice,Vegetable,Egg
Juice,Jam,Egg
Juice,Vegetable,Salad
Bread,Butter,Egg
Nachos,Salsa,Egg
Fruits,Vegetable,Salad
Fruits,Vegetable,Salad
Nachos,Salsa,Egg
Juice,Vegetable,Salad
Bread,Butter,Egg
Bread,Butter,Egg
Nachos,Salsa,Egg
Juice,Jam,Egg
Juice,Jam,Egg
Juice,Jam,Egg
Bread,Jam,Dairy
